<?xml version="1.0"?>
<doc>
    <assembly>
        <name>Microsoft.Azure.Management.DataLake</name>
    </assembly>
    <members>
        <member name="T:Microsoft.Azure.Management.DataLake.DataLakeAccountOperations">
            <summary>
            Operations for managing DataLake accounts
            </summary>
        </member>
        <member name="T:Microsoft.Azure.Management.DataLake.IDataLakeAccountOperations">
            <summary>
            Operations for managing DataLake accounts
            </summary>
        </member>
        <member name="M:Microsoft.Azure.Management.DataLake.IDataLakeAccountOperations.BeginCreateAsync(System.String,Microsoft.Azure.Management.DataLake.Models.DataLakeAccountCreateOrUpdateParameters,System.Threading.CancellationToken)">
            <summary>
            Creates the specified DataLake DataLakeAccount.This supplies the
            user with computation services for BigData workloads
            </summary>
            <param name='resourceGroupName'>
            The name of the resource group the account will be associated with.
            </param>
            <param name='parameters'>
            Parameters supplied to the create DataLake account operation.
            </param>
            <param name='cancellationToken'>
            Cancellation token.
            </param>
            <returns>
            The response body contains the status of the specified asynchronous
            operation, indicating whether it has succeeded, is inprogress, or
            has failed. Note that this status is distinct from the HTTP status
            code returned for the Get Operation Status operation itself. If
            the asynchronous operation succeeded, the response body includes
            the HTTP status code for the successful request. If the
            asynchronous operation failed, the response body includes the HTTP
            status code for the failed request and error information regarding
            the failure.
            </returns>
        </member>
        <member name="M:Microsoft.Azure.Management.DataLake.IDataLakeAccountOperations.BeginDeleteAsync(System.String,System.String,System.Threading.CancellationToken)">
            <summary>
            Deletes the DataLake DataLakeAccount object specified by the
            account name.
            </summary>
            <param name='resourceGroupName'>
            The name of the resource group.
            </param>
            <param name='accountName'>
            The name of the account to delete
            </param>
            <param name='cancellationToken'>
            Cancellation token.
            </param>
            <returns>
            The response body contains the status of the specified asynchronous
            operation, indicating whether it has succeeded, is inprogress, or
            has failed. Note that this status is distinct from the HTTP status
            code returned for the Get Operation Status operation itself. If
            the asynchronous operation succeeded, the response body includes
            the HTTP status code for the successful request. If the
            asynchronous operation failed, the response body includes the HTTP
            status code for the failed request and error information regarding
            the failure.
            </returns>
        </member>
        <member name="M:Microsoft.Azure.Management.DataLake.IDataLakeAccountOperations.BeginUpdateAsync(System.String,Microsoft.Azure.Management.DataLake.Models.DataLakeAccountCreateOrUpdateParameters,System.Threading.CancellationToken)">
            <summary>
            Updates the DataLake account object specified by the accountName
            with the contents of the account object.
            </summary>
            <param name='resourceGroupName'>
            The name of the resource group.
            </param>
            <param name='parameters'>
            Parameters supplied to the update DataLake account operation.
            </param>
            <param name='cancellationToken'>
            Cancellation token.
            </param>
            <returns>
            The response body contains the status of the specified asynchronous
            operation, indicating whether it has succeeded, is inprogress, or
            has failed. Note that this status is distinct from the HTTP status
            code returned for the Get Operation Status operation itself. If
            the asynchronous operation succeeded, the response body includes
            the HTTP status code for the successful request. If the
            asynchronous operation failed, the response body includes the HTTP
            status code for the failed request and error information regarding
            the failure.
            </returns>
        </member>
        <member name="M:Microsoft.Azure.Management.DataLake.IDataLakeAccountOperations.CreateAsync(System.String,Microsoft.Azure.Management.DataLake.Models.DataLakeAccountCreateOrUpdateParameters,System.Threading.CancellationToken)">
            <summary>
            Creates the specified DataLake DataLakeAccount.
            </summary>
            <param name='resourceGroupName'>
            The name of the resource group.
            </param>
            <param name='parameters'>
            Parameters supplied to the create DataLake account operation.
            </param>
            <param name='cancellationToken'>
            Cancellation token.
            </param>
            <returns>
            The response body contains the status of the specified asynchronous
            operation, indicating whether it has succeeded, is inprogress, or
            has failed. Note that this status is distinct from the HTTP status
            code returned for the Get Operation Status operation itself. If
            the asynchronous operation succeeded, the response body includes
            the HTTP status code for the successful request. If the
            asynchronous operation failed, the response body includes the HTTP
            status code for the failed request and error information regarding
            the failure.
            </returns>
        </member>
        <member name="M:Microsoft.Azure.Management.DataLake.IDataLakeAccountOperations.DeleteAsync(System.String,System.String,System.Threading.CancellationToken)">
            <summary>
            Deletes the DataLake DataLakeAccount object specified by the
            account name.
            </summary>
            <param name='resourceGroupName'>
            The name of the resource group.
            </param>
            <param name='accountName'>
            The name of the account to delete
            </param>
            <param name='cancellationToken'>
            Cancellation token.
            </param>
            <returns>
            The response body contains the status of the specified asynchronous
            operation, indicating whether it has succeeded, is inprogress, or
            has failed. Note that this status is distinct from the HTTP status
            code returned for the Get Operation Status operation itself. If
            the asynchronous operation succeeded, the response body includes
            the HTTP status code for the successful request. If the
            asynchronous operation failed, the response body includes the HTTP
            status code for the failed request and error information regarding
            the failure.
            </returns>
        </member>
        <member name="M:Microsoft.Azure.Management.DataLake.IDataLakeAccountOperations.GetAsync(System.String,System.String,System.Threading.CancellationToken)">
            <summary>
            Gets the DataLake DataLakeAccount object specified by the account
            name.
            </summary>
            <param name='resourceGroupName'>
            The name of the resource group.
            </param>
            <param name='accountName'>
            The name of the account to retrieve
            </param>
            <param name='cancellationToken'>
            Cancellation token.
            </param>
            <returns>
            DataLake DataLakeAccount information.
            </returns>
        </member>
        <member name="M:Microsoft.Azure.Management.DataLake.IDataLakeAccountOperations.GetCreateOrUpdateStatusAsync(System.String,System.Threading.CancellationToken)">
            <param name='operationStatusLink'>
            Location value returned by the Begin operation.
            </param>
            <param name='cancellationToken'>
            Cancellation token.
            </param>
            <returns>
            The Create DataLakeAccount operation response.
            </returns>
        </member>
        <member name="M:Microsoft.Azure.Management.DataLake.IDataLakeAccountOperations.GetDeleteStatusAsync(System.String,System.Threading.CancellationToken)">
            <param name='operationStatusLink'>
            Location value returned by the Begin operation.
            </param>
            <param name='cancellationToken'>
            Cancellation token.
            </param>
            <returns>
            The Create DataLakeAccount operation response.
            </returns>
        </member>
        <member name="M:Microsoft.Azure.Management.DataLake.IDataLakeAccountOperations.ListAsync(System.String,Microsoft.Azure.Management.DataLake.Models.DataLakeAccountListParameters,System.Threading.CancellationToken)">
            <summary>
            Lists the DataLake DataLakeAccount objects within the subscription
            or within a specific resource group.
            </summary>
            <param name='resourceGroupName'>
            The name of the resource group.
            </param>
            <param name='parameters'>
            Query parameters. If null is passed returns all DataLakeAccount
            items.
            </param>
            <param name='cancellationToken'>
            Cancellation token.
            </param>
            <returns>
            DataLake DataLakeAccount list information.
            </returns>
        </member>
        <member name="M:Microsoft.Azure.Management.DataLake.IDataLakeAccountOperations.ListNextAsync(System.String,System.Threading.CancellationToken)">
            <summary>
            Gets the next page of the DataLake DataLakeAccount objects within
            the subscription or within a specific resource group with the link
            to the next page, if any.
            </summary>
            <param name='nextLink'>
            The url to the next Kona account page.
            </param>
            <param name='cancellationToken'>
            Cancellation token.
            </param>
            <returns>
            DataLake DataLakeAccount list information.
            </returns>
        </member>
        <member name="M:Microsoft.Azure.Management.DataLake.IDataLakeAccountOperations.UpdateAsync(System.String,Microsoft.Azure.Management.DataLake.Models.DataLakeAccountCreateOrUpdateParameters,System.Threading.CancellationToken)">
            <summary>
            Updates the DataLake account object specified by the accountName
            with the contents of the account object.
            </summary>
            <param name='resourceGroupName'>
            The name of the resource group.
            </param>
            <param name='parameters'>
            Parameters supplied to the update DataLake account operation.
            </param>
            <param name='cancellationToken'>
            Cancellation token.
            </param>
            <returns>
            The response body contains the status of the specified asynchronous
            operation, indicating whether it has succeeded, is inprogress, or
            has failed. Note that this status is distinct from the HTTP status
            code returned for the Get Operation Status operation itself. If
            the asynchronous operation succeeded, the response body includes
            the HTTP status code for the successful request. If the
            asynchronous operation failed, the response body includes the HTTP
            status code for the failed request and error information regarding
            the failure.
            </returns>
        </member>
        <member name="M:Microsoft.Azure.Management.DataLake.DataLakeAccountOperations.#ctor(Microsoft.Azure.Management.DataLake.DataLakeManagementClient)">
            <summary>
            Initializes a new instance of the DataLakeAccountOperations class.
            </summary>
            <param name='client'>
            Reference to the service client.
            </param>
        </member>
        <member name="M:Microsoft.Azure.Management.DataLake.DataLakeAccountOperations.BeginCreateAsync(System.String,Microsoft.Azure.Management.DataLake.Models.DataLakeAccountCreateOrUpdateParameters,System.Threading.CancellationToken)">
            <summary>
            Creates the specified DataLake DataLakeAccount.This supplies the
            user with computation services for BigData workloads
            </summary>
            <param name='resourceGroupName'>
            Required. The name of the resource group the account will be
            associated with.
            </param>
            <param name='parameters'>
            Required. Parameters supplied to the create DataLake account
            operation.
            </param>
            <param name='cancellationToken'>
            Cancellation token.
            </param>
            <returns>
            The response body contains the status of the specified asynchronous
            operation, indicating whether it has succeeded, is inprogress, or
            has failed. Note that this status is distinct from the HTTP status
            code returned for the Get Operation Status operation itself. If
            the asynchronous operation succeeded, the response body includes
            the HTTP status code for the successful request. If the
            asynchronous operation failed, the response body includes the HTTP
            status code for the failed request and error information regarding
            the failure.
            </returns>
        </member>
        <member name="M:Microsoft.Azure.Management.DataLake.DataLakeAccountOperations.BeginDeleteAsync(System.String,System.String,System.Threading.CancellationToken)">
            <summary>
            Deletes the DataLake DataLakeAccount object specified by the
            account name.
            </summary>
            <param name='resourceGroupName'>
            Required. The name of the resource group.
            </param>
            <param name='accountName'>
            Required. The name of the account to delete
            </param>
            <param name='cancellationToken'>
            Cancellation token.
            </param>
            <returns>
            The response body contains the status of the specified asynchronous
            operation, indicating whether it has succeeded, is inprogress, or
            has failed. Note that this status is distinct from the HTTP status
            code returned for the Get Operation Status operation itself. If
            the asynchronous operation succeeded, the response body includes
            the HTTP status code for the successful request. If the
            asynchronous operation failed, the response body includes the HTTP
            status code for the failed request and error information regarding
            the failure.
            </returns>
        </member>
        <member name="M:Microsoft.Azure.Management.DataLake.DataLakeAccountOperations.BeginUpdateAsync(System.String,Microsoft.Azure.Management.DataLake.Models.DataLakeAccountCreateOrUpdateParameters,System.Threading.CancellationToken)">
            <summary>
            Updates the DataLake account object specified by the accountName
            with the contents of the account object.
            </summary>
            <param name='resourceGroupName'>
            Required. The name of the resource group.
            </param>
            <param name='parameters'>
            Required. Parameters supplied to the update DataLake account
            operation.
            </param>
            <param name='cancellationToken'>
            Cancellation token.
            </param>
            <returns>
            The response body contains the status of the specified asynchronous
            operation, indicating whether it has succeeded, is inprogress, or
            has failed. Note that this status is distinct from the HTTP status
            code returned for the Get Operation Status operation itself. If
            the asynchronous operation succeeded, the response body includes
            the HTTP status code for the successful request. If the
            asynchronous operation failed, the response body includes the HTTP
            status code for the failed request and error information regarding
            the failure.
            </returns>
        </member>
        <member name="M:Microsoft.Azure.Management.DataLake.DataLakeAccountOperations.CreateAsync(System.String,Microsoft.Azure.Management.DataLake.Models.DataLakeAccountCreateOrUpdateParameters,System.Threading.CancellationToken)">
            <summary>
            Creates the specified DataLake DataLakeAccount.
            </summary>
            <param name='resourceGroupName'>
            Required. The name of the resource group.
            </param>
            <param name='parameters'>
            Required. Parameters supplied to the create DataLake account
            operation.
            </param>
            <param name='cancellationToken'>
            Cancellation token.
            </param>
            <returns>
            The response body contains the status of the specified asynchronous
            operation, indicating whether it has succeeded, is inprogress, or
            has failed. Note that this status is distinct from the HTTP status
            code returned for the Get Operation Status operation itself. If
            the asynchronous operation succeeded, the response body includes
            the HTTP status code for the successful request. If the
            asynchronous operation failed, the response body includes the HTTP
            status code for the failed request and error information regarding
            the failure.
            </returns>
        </member>
        <member name="M:Microsoft.Azure.Management.DataLake.DataLakeAccountOperations.DeleteAsync(System.String,System.String,System.Threading.CancellationToken)">
            <summary>
            Deletes the DataLake DataLakeAccount object specified by the
            account name.
            </summary>
            <param name='resourceGroupName'>
            Required. The name of the resource group.
            </param>
            <param name='accountName'>
            Required. The name of the account to delete
            </param>
            <param name='cancellationToken'>
            Cancellation token.
            </param>
            <returns>
            The response body contains the status of the specified asynchronous
            operation, indicating whether it has succeeded, is inprogress, or
            has failed. Note that this status is distinct from the HTTP status
            code returned for the Get Operation Status operation itself. If
            the asynchronous operation succeeded, the response body includes
            the HTTP status code for the successful request. If the
            asynchronous operation failed, the response body includes the HTTP
            status code for the failed request and error information regarding
            the failure.
            </returns>
        </member>
        <member name="M:Microsoft.Azure.Management.DataLake.DataLakeAccountOperations.GetAsync(System.String,System.String,System.Threading.CancellationToken)">
            <summary>
            Gets the DataLake DataLakeAccount object specified by the account
            name.
            </summary>
            <param name='resourceGroupName'>
            Required. The name of the resource group.
            </param>
            <param name='accountName'>
            Required. The name of the account to retrieve
            </param>
            <param name='cancellationToken'>
            Cancellation token.
            </param>
            <returns>
            DataLake DataLakeAccount information.
            </returns>
        </member>
        <member name="M:Microsoft.Azure.Management.DataLake.DataLakeAccountOperations.GetCreateOrUpdateStatusAsync(System.String,System.Threading.CancellationToken)">
            <param name='operationStatusLink'>
            Required. Location value returned by the Begin operation.
            </param>
            <param name='cancellationToken'>
            Cancellation token.
            </param>
            <returns>
            The Create DataLakeAccount operation response.
            </returns>
        </member>
        <member name="M:Microsoft.Azure.Management.DataLake.DataLakeAccountOperations.GetDeleteStatusAsync(System.String,System.Threading.CancellationToken)">
            <param name='operationStatusLink'>
            Required. Location value returned by the Begin operation.
            </param>
            <param name='cancellationToken'>
            Cancellation token.
            </param>
            <returns>
            The Create DataLakeAccount operation response.
            </returns>
        </member>
        <member name="M:Microsoft.Azure.Management.DataLake.DataLakeAccountOperations.ListAsync(System.String,Microsoft.Azure.Management.DataLake.Models.DataLakeAccountListParameters,System.Threading.CancellationToken)">
            <summary>
            Lists the DataLake DataLakeAccount objects within the subscription
            or within a specific resource group.
            </summary>
            <param name='resourceGroupName'>
            Optional. The name of the resource group.
            </param>
            <param name='parameters'>
            Optional. Query parameters. If null is passed returns all
            DataLakeAccount items.
            </param>
            <param name='cancellationToken'>
            Cancellation token.
            </param>
            <returns>
            DataLake DataLakeAccount list information.
            </returns>
        </member>
        <member name="M:Microsoft.Azure.Management.DataLake.DataLakeAccountOperations.ListNextAsync(System.String,System.Threading.CancellationToken)">
            <summary>
            Gets the next page of the DataLake DataLakeAccount objects within
            the subscription or within a specific resource group with the link
            to the next page, if any.
            </summary>
            <param name='nextLink'>
            Required. The url to the next Kona account page.
            </param>
            <param name='cancellationToken'>
            Cancellation token.
            </param>
            <returns>
            DataLake DataLakeAccount list information.
            </returns>
        </member>
        <member name="M:Microsoft.Azure.Management.DataLake.DataLakeAccountOperations.UpdateAsync(System.String,Microsoft.Azure.Management.DataLake.Models.DataLakeAccountCreateOrUpdateParameters,System.Threading.CancellationToken)">
            <summary>
            Updates the DataLake account object specified by the accountName
            with the contents of the account object.
            </summary>
            <param name='resourceGroupName'>
            Required. The name of the resource group.
            </param>
            <param name='parameters'>
            Required. Parameters supplied to the update DataLake account
            operation.
            </param>
            <param name='cancellationToken'>
            Cancellation token.
            </param>
            <returns>
            The response body contains the status of the specified asynchronous
            operation, indicating whether it has succeeded, is inprogress, or
            has failed. Note that this status is distinct from the HTTP status
            code returned for the Get Operation Status operation itself. If
            the asynchronous operation succeeded, the response body includes
            the HTTP status code for the successful request. If the
            asynchronous operation failed, the response body includes the HTTP
            status code for the failed request and error information regarding
            the failure.
            </returns>
        </member>
        <member name="P:Microsoft.Azure.Management.DataLake.DataLakeAccountOperations.Client">
            <summary>
            Gets a reference to the
            Microsoft.Azure.Management.DataLake.DataLakeManagementClient.
            </summary>
        </member>
        <member name="M:Microsoft.Azure.Management.DataLake.DataLakeAccountOperationsExtensions.BeginCreate(Microsoft.Azure.Management.DataLake.IDataLakeAccountOperations,System.String,Microsoft.Azure.Management.DataLake.Models.DataLakeAccountCreateOrUpdateParameters)">
            <summary>
            Creates the specified DataLake DataLakeAccount.This supplies the
            user with computation services for BigData workloads
            </summary>
            <param name='operations'>
            Reference to the
            Microsoft.Azure.Management.DataLake.IDataLakeAccountOperations.
            </param>
            <param name='resourceGroupName'>
            Required. The name of the resource group the account will be
            associated with.
            </param>
            <param name='parameters'>
            Required. Parameters supplied to the create DataLake account
            operation.
            </param>
            <returns>
            The response body contains the status of the specified asynchronous
            operation, indicating whether it has succeeded, is inprogress, or
            has failed. Note that this status is distinct from the HTTP status
            code returned for the Get Operation Status operation itself. If
            the asynchronous operation succeeded, the response body includes
            the HTTP status code for the successful request. If the
            asynchronous operation failed, the response body includes the HTTP
            status code for the failed request and error information regarding
            the failure.
            </returns>
        </member>
        <member name="M:Microsoft.Azure.Management.DataLake.DataLakeAccountOperationsExtensions.BeginCreateAsync(Microsoft.Azure.Management.DataLake.IDataLakeAccountOperations,System.String,Microsoft.Azure.Management.DataLake.Models.DataLakeAccountCreateOrUpdateParameters)">
            <summary>
            Creates the specified DataLake DataLakeAccount.This supplies the
            user with computation services for BigData workloads
            </summary>
            <param name='operations'>
            Reference to the
            Microsoft.Azure.Management.DataLake.IDataLakeAccountOperations.
            </param>
            <param name='resourceGroupName'>
            Required. The name of the resource group the account will be
            associated with.
            </param>
            <param name='parameters'>
            Required. Parameters supplied to the create DataLake account
            operation.
            </param>
            <returns>
            The response body contains the status of the specified asynchronous
            operation, indicating whether it has succeeded, is inprogress, or
            has failed. Note that this status is distinct from the HTTP status
            code returned for the Get Operation Status operation itself. If
            the asynchronous operation succeeded, the response body includes
            the HTTP status code for the successful request. If the
            asynchronous operation failed, the response body includes the HTTP
            status code for the failed request and error information regarding
            the failure.
            </returns>
        </member>
        <member name="M:Microsoft.Azure.Management.DataLake.DataLakeAccountOperationsExtensions.BeginDelete(Microsoft.Azure.Management.DataLake.IDataLakeAccountOperations,System.String,System.String)">
            <summary>
            Deletes the DataLake DataLakeAccount object specified by the
            account name.
            </summary>
            <param name='operations'>
            Reference to the
            Microsoft.Azure.Management.DataLake.IDataLakeAccountOperations.
            </param>
            <param name='resourceGroupName'>
            Required. The name of the resource group.
            </param>
            <param name='accountName'>
            Required. The name of the account to delete
            </param>
            <returns>
            The response body contains the status of the specified asynchronous
            operation, indicating whether it has succeeded, is inprogress, or
            has failed. Note that this status is distinct from the HTTP status
            code returned for the Get Operation Status operation itself. If
            the asynchronous operation succeeded, the response body includes
            the HTTP status code for the successful request. If the
            asynchronous operation failed, the response body includes the HTTP
            status code for the failed request and error information regarding
            the failure.
            </returns>
        </member>
        <member name="M:Microsoft.Azure.Management.DataLake.DataLakeAccountOperationsExtensions.BeginDeleteAsync(Microsoft.Azure.Management.DataLake.IDataLakeAccountOperations,System.String,System.String)">
            <summary>
            Deletes the DataLake DataLakeAccount object specified by the
            account name.
            </summary>
            <param name='operations'>
            Reference to the
            Microsoft.Azure.Management.DataLake.IDataLakeAccountOperations.
            </param>
            <param name='resourceGroupName'>
            Required. The name of the resource group.
            </param>
            <param name='accountName'>
            Required. The name of the account to delete
            </param>
            <returns>
            The response body contains the status of the specified asynchronous
            operation, indicating whether it has succeeded, is inprogress, or
            has failed. Note that this status is distinct from the HTTP status
            code returned for the Get Operation Status operation itself. If
            the asynchronous operation succeeded, the response body includes
            the HTTP status code for the successful request. If the
            asynchronous operation failed, the response body includes the HTTP
            status code for the failed request and error information regarding
            the failure.
            </returns>
        </member>
        <member name="M:Microsoft.Azure.Management.DataLake.DataLakeAccountOperationsExtensions.BeginUpdate(Microsoft.Azure.Management.DataLake.IDataLakeAccountOperations,System.String,Microsoft.Azure.Management.DataLake.Models.DataLakeAccountCreateOrUpdateParameters)">
            <summary>
            Updates the DataLake account object specified by the accountName
            with the contents of the account object.
            </summary>
            <param name='operations'>
            Reference to the
            Microsoft.Azure.Management.DataLake.IDataLakeAccountOperations.
            </param>
            <param name='resourceGroupName'>
            Required. The name of the resource group.
            </param>
            <param name='parameters'>
            Required. Parameters supplied to the update DataLake account
            operation.
            </param>
            <returns>
            The response body contains the status of the specified asynchronous
            operation, indicating whether it has succeeded, is inprogress, or
            has failed. Note that this status is distinct from the HTTP status
            code returned for the Get Operation Status operation itself. If
            the asynchronous operation succeeded, the response body includes
            the HTTP status code for the successful request. If the
            asynchronous operation failed, the response body includes the HTTP
            status code for the failed request and error information regarding
            the failure.
            </returns>
        </member>
        <member name="M:Microsoft.Azure.Management.DataLake.DataLakeAccountOperationsExtensions.BeginUpdateAsync(Microsoft.Azure.Management.DataLake.IDataLakeAccountOperations,System.String,Microsoft.Azure.Management.DataLake.Models.DataLakeAccountCreateOrUpdateParameters)">
            <summary>
            Updates the DataLake account object specified by the accountName
            with the contents of the account object.
            </summary>
            <param name='operations'>
            Reference to the
            Microsoft.Azure.Management.DataLake.IDataLakeAccountOperations.
            </param>
            <param name='resourceGroupName'>
            Required. The name of the resource group.
            </param>
            <param name='parameters'>
            Required. Parameters supplied to the update DataLake account
            operation.
            </param>
            <returns>
            The response body contains the status of the specified asynchronous
            operation, indicating whether it has succeeded, is inprogress, or
            has failed. Note that this status is distinct from the HTTP status
            code returned for the Get Operation Status operation itself. If
            the asynchronous operation succeeded, the response body includes
            the HTTP status code for the successful request. If the
            asynchronous operation failed, the response body includes the HTTP
            status code for the failed request and error information regarding
            the failure.
            </returns>
        </member>
        <member name="M:Microsoft.Azure.Management.DataLake.DataLakeAccountOperationsExtensions.Create(Microsoft.Azure.Management.DataLake.IDataLakeAccountOperations,System.String,Microsoft.Azure.Management.DataLake.Models.DataLakeAccountCreateOrUpdateParameters)">
            <summary>
            Creates the specified DataLake DataLakeAccount.
            </summary>
            <param name='operations'>
            Reference to the
            Microsoft.Azure.Management.DataLake.IDataLakeAccountOperations.
            </param>
            <param name='resourceGroupName'>
            Required. The name of the resource group.
            </param>
            <param name='parameters'>
            Required. Parameters supplied to the create DataLake account
            operation.
            </param>
            <returns>
            The response body contains the status of the specified asynchronous
            operation, indicating whether it has succeeded, is inprogress, or
            has failed. Note that this status is distinct from the HTTP status
            code returned for the Get Operation Status operation itself. If
            the asynchronous operation succeeded, the response body includes
            the HTTP status code for the successful request. If the
            asynchronous operation failed, the response body includes the HTTP
            status code for the failed request and error information regarding
            the failure.
            </returns>
        </member>
        <member name="M:Microsoft.Azure.Management.DataLake.DataLakeAccountOperationsExtensions.CreateAsync(Microsoft.Azure.Management.DataLake.IDataLakeAccountOperations,System.String,Microsoft.Azure.Management.DataLake.Models.DataLakeAccountCreateOrUpdateParameters)">
            <summary>
            Creates the specified DataLake DataLakeAccount.
            </summary>
            <param name='operations'>
            Reference to the
            Microsoft.Azure.Management.DataLake.IDataLakeAccountOperations.
            </param>
            <param name='resourceGroupName'>
            Required. The name of the resource group.
            </param>
            <param name='parameters'>
            Required. Parameters supplied to the create DataLake account
            operation.
            </param>
            <returns>
            The response body contains the status of the specified asynchronous
            operation, indicating whether it has succeeded, is inprogress, or
            has failed. Note that this status is distinct from the HTTP status
            code returned for the Get Operation Status operation itself. If
            the asynchronous operation succeeded, the response body includes
            the HTTP status code for the successful request. If the
            asynchronous operation failed, the response body includes the HTTP
            status code for the failed request and error information regarding
            the failure.
            </returns>
        </member>
        <member name="M:Microsoft.Azure.Management.DataLake.DataLakeAccountOperationsExtensions.Delete(Microsoft.Azure.Management.DataLake.IDataLakeAccountOperations,System.String,System.String)">
            <summary>
            Deletes the DataLake DataLakeAccount object specified by the
            account name.
            </summary>
            <param name='operations'>
            Reference to the
            Microsoft.Azure.Management.DataLake.IDataLakeAccountOperations.
            </param>
            <param name='resourceGroupName'>
            Required. The name of the resource group.
            </param>
            <param name='accountName'>
            Required. The name of the account to delete
            </param>
            <returns>
            The response body contains the status of the specified asynchronous
            operation, indicating whether it has succeeded, is inprogress, or
            has failed. Note that this status is distinct from the HTTP status
            code returned for the Get Operation Status operation itself. If
            the asynchronous operation succeeded, the response body includes
            the HTTP status code for the successful request. If the
            asynchronous operation failed, the response body includes the HTTP
            status code for the failed request and error information regarding
            the failure.
            </returns>
        </member>
        <member name="M:Microsoft.Azure.Management.DataLake.DataLakeAccountOperationsExtensions.DeleteAsync(Microsoft.Azure.Management.DataLake.IDataLakeAccountOperations,System.String,System.String)">
            <summary>
            Deletes the DataLake DataLakeAccount object specified by the
            account name.
            </summary>
            <param name='operations'>
            Reference to the
            Microsoft.Azure.Management.DataLake.IDataLakeAccountOperations.
            </param>
            <param name='resourceGroupName'>
            Required. The name of the resource group.
            </param>
            <param name='accountName'>
            Required. The name of the account to delete
            </param>
            <returns>
            The response body contains the status of the specified asynchronous
            operation, indicating whether it has succeeded, is inprogress, or
            has failed. Note that this status is distinct from the HTTP status
            code returned for the Get Operation Status operation itself. If
            the asynchronous operation succeeded, the response body includes
            the HTTP status code for the successful request. If the
            asynchronous operation failed, the response body includes the HTTP
            status code for the failed request and error information regarding
            the failure.
            </returns>
        </member>
        <member name="M:Microsoft.Azure.Management.DataLake.DataLakeAccountOperationsExtensions.Get(Microsoft.Azure.Management.DataLake.IDataLakeAccountOperations,System.String,System.String)">
            <summary>
            Gets the DataLake DataLakeAccount object specified by the account
            name.
            </summary>
            <param name='operations'>
            Reference to the
            Microsoft.Azure.Management.DataLake.IDataLakeAccountOperations.
            </param>
            <param name='resourceGroupName'>
            Required. The name of the resource group.
            </param>
            <param name='accountName'>
            Required. The name of the account to retrieve
            </param>
            <returns>
            DataLake DataLakeAccount information.
            </returns>
        </member>
        <member name="M:Microsoft.Azure.Management.DataLake.DataLakeAccountOperationsExtensions.GetAsync(Microsoft.Azure.Management.DataLake.IDataLakeAccountOperations,System.String,System.String)">
            <summary>
            Gets the DataLake DataLakeAccount object specified by the account
            name.
            </summary>
            <param name='operations'>
            Reference to the
            Microsoft.Azure.Management.DataLake.IDataLakeAccountOperations.
            </param>
            <param name='resourceGroupName'>
            Required. The name of the resource group.
            </param>
            <param name='accountName'>
            Required. The name of the account to retrieve
            </param>
            <returns>
            DataLake DataLakeAccount information.
            </returns>
        </member>
        <member name="M:Microsoft.Azure.Management.DataLake.DataLakeAccountOperationsExtensions.GetCreateOrUpdateStatus(Microsoft.Azure.Management.DataLake.IDataLakeAccountOperations,System.String)">
            <param name='operations'>
            Reference to the
            Microsoft.Azure.Management.DataLake.IDataLakeAccountOperations.
            </param>
            <param name='operationStatusLink'>
            Required. Location value returned by the Begin operation.
            </param>
            <returns>
            The Create DataLakeAccount operation response.
            </returns>
        </member>
        <member name="M:Microsoft.Azure.Management.DataLake.DataLakeAccountOperationsExtensions.GetCreateOrUpdateStatusAsync(Microsoft.Azure.Management.DataLake.IDataLakeAccountOperations,System.String)">
            <param name='operations'>
            Reference to the
            Microsoft.Azure.Management.DataLake.IDataLakeAccountOperations.
            </param>
            <param name='operationStatusLink'>
            Required. Location value returned by the Begin operation.
            </param>
            <returns>
            The Create DataLakeAccount operation response.
            </returns>
        </member>
        <member name="M:Microsoft.Azure.Management.DataLake.DataLakeAccountOperationsExtensions.GetDeleteStatus(Microsoft.Azure.Management.DataLake.IDataLakeAccountOperations,System.String)">
            <param name='operations'>
            Reference to the
            Microsoft.Azure.Management.DataLake.IDataLakeAccountOperations.
            </param>
            <param name='operationStatusLink'>
            Required. Location value returned by the Begin operation.
            </param>
            <returns>
            The Create DataLakeAccount operation response.
            </returns>
        </member>
        <member name="M:Microsoft.Azure.Management.DataLake.DataLakeAccountOperationsExtensions.GetDeleteStatusAsync(Microsoft.Azure.Management.DataLake.IDataLakeAccountOperations,System.String)">
            <param name='operations'>
            Reference to the
            Microsoft.Azure.Management.DataLake.IDataLakeAccountOperations.
            </param>
            <param name='operationStatusLink'>
            Required. Location value returned by the Begin operation.
            </param>
            <returns>
            The Create DataLakeAccount operation response.
            </returns>
        </member>
        <member name="M:Microsoft.Azure.Management.DataLake.DataLakeAccountOperationsExtensions.List(Microsoft.Azure.Management.DataLake.IDataLakeAccountOperations,System.String,Microsoft.Azure.Management.DataLake.Models.DataLakeAccountListParameters)">
            <summary>
            Lists the DataLake DataLakeAccount objects within the subscription
            or within a specific resource group.
            </summary>
            <param name='operations'>
            Reference to the
            Microsoft.Azure.Management.DataLake.IDataLakeAccountOperations.
            </param>
            <param name='resourceGroupName'>
            Optional. The name of the resource group.
            </param>
            <param name='parameters'>
            Optional. Query parameters. If null is passed returns all
            DataLakeAccount items.
            </param>
            <returns>
            DataLake DataLakeAccount list information.
            </returns>
        </member>
        <member name="M:Microsoft.Azure.Management.DataLake.DataLakeAccountOperationsExtensions.ListAsync(Microsoft.Azure.Management.DataLake.IDataLakeAccountOperations,System.String,Microsoft.Azure.Management.DataLake.Models.DataLakeAccountListParameters)">
            <summary>
            Lists the DataLake DataLakeAccount objects within the subscription
            or within a specific resource group.
            </summary>
            <param name='operations'>
            Reference to the
            Microsoft.Azure.Management.DataLake.IDataLakeAccountOperations.
            </param>
            <param name='resourceGroupName'>
            Optional. The name of the resource group.
            </param>
            <param name='parameters'>
            Optional. Query parameters. If null is passed returns all
            DataLakeAccount items.
            </param>
            <returns>
            DataLake DataLakeAccount list information.
            </returns>
        </member>
        <member name="M:Microsoft.Azure.Management.DataLake.DataLakeAccountOperationsExtensions.ListNext(Microsoft.Azure.Management.DataLake.IDataLakeAccountOperations,System.String)">
            <summary>
            Gets the next page of the DataLake DataLakeAccount objects within
            the subscription or within a specific resource group with the link
            to the next page, if any.
            </summary>
            <param name='operations'>
            Reference to the
            Microsoft.Azure.Management.DataLake.IDataLakeAccountOperations.
            </param>
            <param name='nextLink'>
            Required. The url to the next Kona account page.
            </param>
            <returns>
            DataLake DataLakeAccount list information.
            </returns>
        </member>
        <member name="M:Microsoft.Azure.Management.DataLake.DataLakeAccountOperationsExtensions.ListNextAsync(Microsoft.Azure.Management.DataLake.IDataLakeAccountOperations,System.String)">
            <summary>
            Gets the next page of the DataLake DataLakeAccount objects within
            the subscription or within a specific resource group with the link
            to the next page, if any.
            </summary>
            <param name='operations'>
            Reference to the
            Microsoft.Azure.Management.DataLake.IDataLakeAccountOperations.
            </param>
            <param name='nextLink'>
            Required. The url to the next Kona account page.
            </param>
            <returns>
            DataLake DataLakeAccount list information.
            </returns>
        </member>
        <member name="M:Microsoft.Azure.Management.DataLake.DataLakeAccountOperationsExtensions.Update(Microsoft.Azure.Management.DataLake.IDataLakeAccountOperations,System.String,Microsoft.Azure.Management.DataLake.Models.DataLakeAccountCreateOrUpdateParameters)">
            <summary>
            Updates the DataLake account object specified by the accountName
            with the contents of the account object.
            </summary>
            <param name='operations'>
            Reference to the
            Microsoft.Azure.Management.DataLake.IDataLakeAccountOperations.
            </param>
            <param name='resourceGroupName'>
            Required. The name of the resource group.
            </param>
            <param name='parameters'>
            Required. Parameters supplied to the update DataLake account
            operation.
            </param>
            <returns>
            The response body contains the status of the specified asynchronous
            operation, indicating whether it has succeeded, is inprogress, or
            has failed. Note that this status is distinct from the HTTP status
            code returned for the Get Operation Status operation itself. If
            the asynchronous operation succeeded, the response body includes
            the HTTP status code for the successful request. If the
            asynchronous operation failed, the response body includes the HTTP
            status code for the failed request and error information regarding
            the failure.
            </returns>
        </member>
        <member name="M:Microsoft.Azure.Management.DataLake.DataLakeAccountOperationsExtensions.UpdateAsync(Microsoft.Azure.Management.DataLake.IDataLakeAccountOperations,System.String,Microsoft.Azure.Management.DataLake.Models.DataLakeAccountCreateOrUpdateParameters)">
            <summary>
            Updates the DataLake account object specified by the accountName
            with the contents of the account object.
            </summary>
            <param name='operations'>
            Reference to the
            Microsoft.Azure.Management.DataLake.IDataLakeAccountOperations.
            </param>
            <param name='resourceGroupName'>
            Required. The name of the resource group.
            </param>
            <param name='parameters'>
            Required. Parameters supplied to the update DataLake account
            operation.
            </param>
            <returns>
            The response body contains the status of the specified asynchronous
            operation, indicating whether it has succeeded, is inprogress, or
            has failed. Note that this status is distinct from the HTTP status
            code returned for the Get Operation Status operation itself. If
            the asynchronous operation succeeded, the response body includes
            the HTTP status code for the successful request. If the
            asynchronous operation failed, the response body includes the HTTP
            status code for the failed request and error information regarding
            the failure.
            </returns>
        </member>
        <member name="M:Microsoft.Azure.Management.DataLake.IDataLakeManagementClient.GetLongRunningOperationStatusAsync(System.String,System.Threading.CancellationToken)">
            <summary>
            The Get Operation Status operation returns the status of the
            specified operation. After calling an asynchronous operation, you
            can call Get Operation Status to determine whether the operation
            has succeeded, failed, or is still in progress.
            </summary>
            <param name='azureAsyncOperation'>
            Location value returned by the Begin operation.
            </param>
            <param name='cancellationToken'>
            Cancellation token.
            </param>
            <returns>
            The response body contains the status of the specified asynchronous
            operation, indicating whether it has succeeded, is inprogress, or
            has failed. Note that this status is distinct from the HTTP status
            code returned for the Get Operation Status operation itself. If
            the asynchronous operation succeeded, the response body includes
            the HTTP status code for the successful request. If the
            asynchronous operation failed, the response body includes the HTTP
            status code for the failed request and error information regarding
            the failure.
            </returns>
        </member>
        <member name="P:Microsoft.Azure.Management.DataLake.IDataLakeManagementClient.ApiVersion">
            <summary>
            Gets the API version.
            </summary>
        </member>
        <member name="P:Microsoft.Azure.Management.DataLake.IDataLakeManagementClient.BaseUri">
            <summary>
            Gets the URI used as the base for all cloud service requests.
            </summary>
        </member>
        <member name="P:Microsoft.Azure.Management.DataLake.IDataLakeManagementClient.Credentials">
            <summary>
            Gets subscription credentials which uniquely identify Microsoft
            Azure subscription. The subscription ID forms part of the URI for
            every service call.
            </summary>
        </member>
        <member name="P:Microsoft.Azure.Management.DataLake.IDataLakeManagementClient.LongRunningOperationInitialTimeout">
            <summary>
            Gets or sets the initial timeout for Long Running Operations.
            </summary>
        </member>
        <member name="P:Microsoft.Azure.Management.DataLake.IDataLakeManagementClient.LongRunningOperationRetryTimeout">
            <summary>
            Gets or sets the retry timeout for Long Running Operations.
            </summary>
        </member>
        <member name="P:Microsoft.Azure.Management.DataLake.IDataLakeManagementClient.DataLakeAccount">
            <summary>
            Operations for managing DataLake accounts
            </summary>
        </member>
        <member name="M:Microsoft.Azure.Management.DataLake.DataLakeManagementClient.#ctor">
            <summary>
            Initializes a new instance of the DataLakeManagementClient class.
            </summary>
        </member>
        <member name="M:Microsoft.Azure.Management.DataLake.DataLakeManagementClient.#ctor(Microsoft.Azure.SubscriptionCloudCredentials,System.Uri)">
            <summary>
            Initializes a new instance of the DataLakeManagementClient class.
            </summary>
            <param name='credentials'>
            Required. Gets subscription credentials which uniquely identify
            Microsoft Azure subscription. The subscription ID forms part of
            the URI for every service call.
            </param>
            <param name='baseUri'>
            Optional. Gets the URI used as the base for all cloud service
            requests.
            </param>
        </member>
        <member name="M:Microsoft.Azure.Management.DataLake.DataLakeManagementClient.#ctor(Microsoft.Azure.SubscriptionCloudCredentials)">
            <summary>
            Initializes a new instance of the DataLakeManagementClient class.
            </summary>
            <param name='credentials'>
            Required. Gets subscription credentials which uniquely identify
            Microsoft Azure subscription. The subscription ID forms part of
            the URI for every service call.
            </param>
        </member>
        <member name="M:Microsoft.Azure.Management.DataLake.DataLakeManagementClient.#ctor(System.Net.Http.HttpClient)">
            <summary>
            Initializes a new instance of the DataLakeManagementClient class.
            </summary>
            <param name='httpClient'>
            The Http client
            </param>
        </member>
        <member name="M:Microsoft.Azure.Management.DataLake.DataLakeManagementClient.#ctor(Microsoft.Azure.SubscriptionCloudCredentials,System.Uri,System.Net.Http.HttpClient)">
            <summary>
            Initializes a new instance of the DataLakeManagementClient class.
            </summary>
            <param name='credentials'>
            Required. Gets subscription credentials which uniquely identify
            Microsoft Azure subscription. The subscription ID forms part of
            the URI for every service call.
            </param>
            <param name='baseUri'>
            Optional. Gets the URI used as the base for all cloud service
            requests.
            </param>
            <param name='httpClient'>
            The Http client
            </param>
        </member>
        <member name="M:Microsoft.Azure.Management.DataLake.DataLakeManagementClient.#ctor(Microsoft.Azure.SubscriptionCloudCredentials,System.Net.Http.HttpClient)">
            <summary>
            Initializes a new instance of the DataLakeManagementClient class.
            </summary>
            <param name='credentials'>
            Required. Gets subscription credentials which uniquely identify
            Microsoft Azure subscription. The subscription ID forms part of
            the URI for every service call.
            </param>
            <param name='httpClient'>
            The Http client
            </param>
        </member>
        <member name="M:Microsoft.Azure.Management.DataLake.DataLakeManagementClient.Clone(Hyak.Common.ServiceClient{Microsoft.Azure.Management.DataLake.DataLakeManagementClient})">
            <summary>
            Clones properties from current instance to another
            DataLakeManagementClient instance
            </summary>
            <param name='client'>
            Instance of DataLakeManagementClient to clone to
            </param>
        </member>
        <member name="M:Microsoft.Azure.Management.DataLake.DataLakeManagementClient.ParseDataLakeAccountStatus(System.String)">
            <summary>
            Parse enum values for type DataLakeAccountStatus.
            </summary>
            <param name='value'>
            The value to parse.
            </param>
            <returns>
            The enum value.
            </returns>
        </member>
        <member name="M:Microsoft.Azure.Management.DataLake.DataLakeManagementClient.DataLakeAccountStatusToString(Microsoft.Azure.Management.DataLake.Models.DataLakeAccountStatus)">
            <summary>
            Convert an enum of type DataLakeAccountStatus to a string.
            </summary>
            <param name='value'>
            The value to convert to a string.
            </param>
            <returns>
            The enum value as a string.
            </returns>
        </member>
        <member name="M:Microsoft.Azure.Management.DataLake.DataLakeManagementClient.GetLongRunningOperationStatusAsync(System.String,System.Threading.CancellationToken)">
            <summary>
            The Get Operation Status operation returns the status of the
            specified operation. After calling an asynchronous operation, you
            can call Get Operation Status to determine whether the operation
            has succeeded, failed, or is still in progress.
            </summary>
            <param name='azureAsyncOperation'>
            Required. Location value returned by the Begin operation.
            </param>
            <param name='cancellationToken'>
            Cancellation token.
            </param>
            <returns>
            The response body contains the status of the specified asynchronous
            operation, indicating whether it has succeeded, is inprogress, or
            has failed. Note that this status is distinct from the HTTP status
            code returned for the Get Operation Status operation itself. If
            the asynchronous operation succeeded, the response body includes
            the HTTP status code for the successful request. If the
            asynchronous operation failed, the response body includes the HTTP
            status code for the failed request and error information regarding
            the failure.
            </returns>
        </member>
        <member name="P:Microsoft.Azure.Management.DataLake.DataLakeManagementClient.ApiVersion">
            <summary>
            Gets the API version.
            </summary>
        </member>
        <member name="P:Microsoft.Azure.Management.DataLake.DataLakeManagementClient.BaseUri">
            <summary>
            Gets the URI used as the base for all cloud service requests.
            </summary>
        </member>
        <member name="P:Microsoft.Azure.Management.DataLake.DataLakeManagementClient.Credentials">
            <summary>
            Gets subscription credentials which uniquely identify Microsoft
            Azure subscription. The subscription ID forms part of the URI for
            every service call.
            </summary>
        </member>
        <member name="P:Microsoft.Azure.Management.DataLake.DataLakeManagementClient.LongRunningOperationInitialTimeout">
            <summary>
            Gets or sets the initial timeout for Long Running Operations.
            </summary>
        </member>
        <member name="P:Microsoft.Azure.Management.DataLake.DataLakeManagementClient.LongRunningOperationRetryTimeout">
            <summary>
            Gets or sets the retry timeout for Long Running Operations.
            </summary>
        </member>
        <member name="P:Microsoft.Azure.Management.DataLake.DataLakeManagementClient.DataLakeAccount">
            <summary>
            Operations for managing DataLake accounts
            </summary>
        </member>
        <member name="M:Microsoft.Azure.Management.DataLake.DataLakeManagementClientExtensions.GetLongRunningOperationStatus(Microsoft.Azure.Management.DataLake.IDataLakeManagementClient,System.String)">
            <summary>
            The Get Operation Status operation returns the status of the
            specified operation. After calling an asynchronous operation, you
            can call Get Operation Status to determine whether the operation
            has succeeded, failed, or is still in progress.
            </summary>
            <param name='operations'>
            Reference to the
            Microsoft.Azure.Management.DataLake.IDataLakeManagementClient.
            </param>
            <param name='azureAsyncOperation'>
            Required. Location value returned by the Begin operation.
            </param>
            <returns>
            The response body contains the status of the specified asynchronous
            operation, indicating whether it has succeeded, is inprogress, or
            has failed. Note that this status is distinct from the HTTP status
            code returned for the Get Operation Status operation itself. If
            the asynchronous operation succeeded, the response body includes
            the HTTP status code for the successful request. If the
            asynchronous operation failed, the response body includes the HTTP
            status code for the failed request and error information regarding
            the failure.
            </returns>
        </member>
        <member name="M:Microsoft.Azure.Management.DataLake.DataLakeManagementClientExtensions.GetLongRunningOperationStatusAsync(Microsoft.Azure.Management.DataLake.IDataLakeManagementClient,System.String)">
            <summary>
            The Get Operation Status operation returns the status of the
            specified operation. After calling an asynchronous operation, you
            can call Get Operation Status to determine whether the operation
            has succeeded, failed, or is still in progress.
            </summary>
            <param name='operations'>
            Reference to the
            Microsoft.Azure.Management.DataLake.IDataLakeManagementClient.
            </param>
            <param name='azureAsyncOperation'>
            Required. Location value returned by the Begin operation.
            </param>
            <returns>
            The response body contains the status of the specified asynchronous
            operation, indicating whether it has succeeded, is inprogress, or
            has failed. Note that this status is distinct from the HTTP status
            code returned for the Get Operation Status operation itself. If
            the asynchronous operation succeeded, the response body includes
            the HTTP status code for the successful request. If the
            asynchronous operation failed, the response body includes the HTTP
            status code for the failed request and error information regarding
            the failure.
            </returns>
        </member>
        <member name="T:Microsoft.Azure.Management.DataLake.Models.AzureAsyncOperationResponse">
            <summary>
            The response body contains the status of the specified asynchronous
            operation, indicating whether it has succeeded, is inprogress, or has
            failed. Note that this status is distinct from the HTTP status code
            returned for the Get Operation Status operation itself. If the
            asynchronous operation succeeded, the response body includes the HTTP
            status code for the successful request. If the asynchronous operation
            failed, the response body includes the HTTP status code for the failed
            request and error information regarding the failure.
            </summary>
        </member>
        <member name="T:Microsoft.Azure.Management.DataLake.Models.UpdateOperationResponse">
            <summary>
            If the resource provide needs to return an error to any operation, it
            should return the appropriate HTTP error code and a message body as
            can be seen below.The message should be localized per the
            Accept-Language header specified in the original request such thatit
            could be directly be exposed to users
            </summary>
        </member>
        <member name="T:Microsoft.Azure.Management.DataLake.Models.RetriableOperationResponse">
            <summary>
            If the resource provide needs to return an error to any operation, it
            should return the appropriate HTTP error code and a message body as
            can be seen below.The message should be localized per the
            Accept-Language header specified in the original request such thatit
            could be directly be exposed to users
            </summary>
        </member>
        <member name="T:Microsoft.Azure.Management.DataLake.Models.ResourceProviderErrorResponse">
            <summary>
            If the resource provide needs to return an error to any operation, it
            should return the appropriate HTTP error code and a message body as
            can be seen below.The message should be localized per the
            Accept-Language header specified in the original request such thatit
            could be directly be exposed to users
            </summary>
        </member>
        <member name="M:Microsoft.Azure.Management.DataLake.Models.ResourceProviderErrorResponse.#ctor">
            <summary>
            Initializes a new instance of the ResourceProviderErrorResponse
            class.
            </summary>
        </member>
        <member name="P:Microsoft.Azure.Management.DataLake.Models.ResourceProviderErrorResponse.Error">
            <summary>
            Optional.
            </summary>
        </member>
        <member name="M:Microsoft.Azure.Management.DataLake.Models.RetriableOperationResponse.#ctor">
            <summary>
            Initializes a new instance of the RetriableOperationResponse class.
            </summary>
        </member>
        <member name="P:Microsoft.Azure.Management.DataLake.Models.RetriableOperationResponse.RetryAfter">
            <summary>
            Optional. The recommended retry interval for the Get
            Azure-AsyncOperation call
            </summary>
        </member>
        <member name="M:Microsoft.Azure.Management.DataLake.Models.UpdateOperationResponse.#ctor">
            <summary>
            Initializes a new instance of the UpdateOperationResponse class.
            </summary>
        </member>
        <member name="P:Microsoft.Azure.Management.DataLake.Models.UpdateOperationResponse.AzureAsyncOperation">
            <summary>
            Optional. Users can perform a Get on Azure-AsyncOperation to get
            the status of their update(PUT/PATCH/DELETE) operations
            </summary>
        </member>
        <member name="M:Microsoft.Azure.Management.DataLake.Models.AzureAsyncOperationResponse.#ctor">
            <summary>
            Initializes a new instance of the AzureAsyncOperationResponse class.
            </summary>
        </member>
        <member name="P:Microsoft.Azure.Management.DataLake.Models.AzureAsyncOperationResponse.DetailedStatus">
            <summary>
            Optional. Status of the AzureAsuncOperation
            </summary>
        </member>
        <member name="P:Microsoft.Azure.Management.DataLake.Models.AzureAsyncOperationResponse.Location">
            <summary>
            Optional. Gets or sets the azure async operation Uri.
            </summary>
        </member>
        <member name="P:Microsoft.Azure.Management.DataLake.Models.AzureAsyncOperationResponse.Status">
            <summary>
            Optional. Status of the AzureAsuncOperation
            </summary>
        </member>
        <member name="M:Microsoft.Azure.Management.DataLake.Models.DataLakeAccount.#ctor">
            <summary>
            Initializes a new instance of the DataLakeAccount class.
            </summary>
        </member>
        <member name="P:Microsoft.Azure.Management.DataLake.Models.DataLakeAccount.Id">
            <summary>
            Optional. Gets or sets the account subscription ID.
            </summary>
        </member>
        <member name="P:Microsoft.Azure.Management.DataLake.Models.DataLakeAccount.Location">
            <summary>
            Optional. Gets or sets the account regional location.
            </summary>
        </member>
        <member name="P:Microsoft.Azure.Management.DataLake.Models.DataLakeAccount.Name">
            <summary>
            Optional. Gets or sets the account name.
            </summary>
        </member>
        <member name="P:Microsoft.Azure.Management.DataLake.Models.DataLakeAccount.Properties">
            <summary>
            Optional. Gets or sets the properties defined by dataLake all
            properties are specific to each resource provider.
            </summary>
        </member>
        <member name="P:Microsoft.Azure.Management.DataLake.Models.DataLakeAccount.Tags">
            <summary>
            Optional. Gets or sets the value of custom properties.
            </summary>
        </member>
        <member name="P:Microsoft.Azure.Management.DataLake.Models.DataLakeAccount.Type">
            <summary>
            Optional. Gets or sets the namespace and type of the account.
            </summary>
        </member>
        <member name="M:Microsoft.Azure.Management.DataLake.Models.DataLakeAccountConfiguration.#ctor">
            <summary>
            Initializes a new instance of the DataLakeAccountConfiguration
            class.
            </summary>
        </member>
        <member name="P:Microsoft.Azure.Management.DataLake.Models.DataLakeAccountConfiguration.DefaultGroup">
            <summary>
            Optional. Gets or sets the default owner group for all new folders
            and files created in the DataLake.
            </summary>
        </member>
        <member name="T:Microsoft.Azure.Management.DataLake.Models.DataLakeAccountCreateOrUpdateParameters">
            <summary>
            DataLake DataLakeAccount information.
            </summary>
        </member>
        <member name="M:Microsoft.Azure.Management.DataLake.Models.DataLakeAccountCreateOrUpdateParameters.#ctor">
            <summary>
            Initializes a new instance of the
            DataLakeAccountCreateOrUpdateParameters class.
            </summary>
        </member>
        <member name="M:Microsoft.Azure.Management.DataLake.Models.DataLakeAccountCreateOrUpdateParameters.#ctor(Microsoft.Azure.Management.DataLake.Models.DataLakeAccount)">
            <summary>
            Initializes a new instance of the
            DataLakeAccountCreateOrUpdateParameters class with required
            arguments.
            </summary>
        </member>
        <member name="P:Microsoft.Azure.Management.DataLake.Models.DataLakeAccountCreateOrUpdateParameters.DataLakeAccount">
            <summary>
            Required. Gets or sets the account object that is being created.
            </summary>
        </member>
        <member name="T:Microsoft.Azure.Management.DataLake.Models.DataLakeAccountCreateUpdateOrDeleteResponse">
            <summary>
            The Create DataLakeAccount operation response.
            </summary>
        </member>
        <member name="M:Microsoft.Azure.Management.DataLake.Models.DataLakeAccountCreateUpdateOrDeleteResponse.#ctor">
            <summary>
            Initializes a new instance of the
            DataLakeAccountCreateUpdateOrDeleteResponse class.
            </summary>
        </member>
        <member name="P:Microsoft.Azure.Management.DataLake.Models.DataLakeAccountCreateUpdateOrDeleteResponse.DataLakeAccount">
            <summary>
            Optional. Gets or sets the resulting account object that was
            created or updated.
            </summary>
        </member>
        <member name="P:Microsoft.Azure.Management.DataLake.Models.DataLakeAccountCreateUpdateOrDeleteResponse.DetailedStatus">
            <summary>
            Optional. Gets or sets the current detailed status of the operation
            </summary>
        </member>
        <member name="P:Microsoft.Azure.Management.DataLake.Models.DataLakeAccountCreateUpdateOrDeleteResponse.Location">
            <summary>
            Optional. Gets or sets the azure async operation Uri.
            </summary>
        </member>
        <member name="P:Microsoft.Azure.Management.DataLake.Models.DataLakeAccountCreateUpdateOrDeleteResponse.Status">
            <summary>
            Optional. Gets or sets the current top level status of the operation
            </summary>
        </member>
        <member name="T:Microsoft.Azure.Management.DataLake.Models.DataLakeAccountGetResponse">
            <summary>
            DataLake DataLakeAccount information.
            </summary>
        </member>
        <member name="M:Microsoft.Azure.Management.DataLake.Models.DataLakeAccountGetResponse.#ctor">
            <summary>
            Initializes a new instance of the DataLakeAccountGetResponse class.
            </summary>
        </member>
        <member name="P:Microsoft.Azure.Management.DataLake.Models.DataLakeAccountGetResponse.DataLakeAccount">
            <summary>
            Optional. Gets or sets the account object associated with the
            specified account name
            </summary>
        </member>
        <member name="T:Microsoft.Azure.Management.DataLake.Models.DataLakeAccountListParameters">
            <summary>
            DataLakeAccount list parameters.
            </summary>
        </member>
        <member name="M:Microsoft.Azure.Management.DataLake.Models.DataLakeAccountListParameters.#ctor">
            <summary>
            Initializes a new instance of the DataLakeAccountListParameters
            class.
            </summary>
        </member>
        <member name="P:Microsoft.Azure.Management.DataLake.Models.DataLakeAccountListParameters.Filter">
            <summary>
            Optional. Gets or sets OData filter. Optional.
            </summary>
        </member>
        <member name="P:Microsoft.Azure.Management.DataLake.Models.DataLakeAccountListParameters.Skip">
            <summary>
            Optional. Gets or sets the number of items to skip over before
            returning elements. Optional.
            </summary>
        </member>
        <member name="P:Microsoft.Azure.Management.DataLake.Models.DataLakeAccountListParameters.Top">
            <summary>
            Optional. Gets or sets the number of items to return. Optional.
            </summary>
        </member>
        <member name="T:Microsoft.Azure.Management.DataLake.Models.DataLakeAccountListResponse">
            <summary>
            DataLake DataLakeAccount list information.
            </summary>
        </member>
        <member name="M:Microsoft.Azure.Management.DataLake.Models.DataLakeAccountListResponse.#ctor">
            <summary>
            Initializes a new instance of the DataLakeAccountListResponse class.
            </summary>
        </member>
        <member name="P:Microsoft.Azure.Management.DataLake.Models.DataLakeAccountListResponse.Count">
            <summary>
            Optional. Gets or sets the total count of results that are
            available, but might not be returned in the current page.
            </summary>
        </member>
        <member name="P:Microsoft.Azure.Management.DataLake.Models.DataLakeAccountListResponse.NextLink">
            <summary>
            Optional. Gets or sets the link (url) to the next page of results.
            </summary>
        </member>
        <member name="P:Microsoft.Azure.Management.DataLake.Models.DataLakeAccountListResponse.Value">
            <summary>
            Optional. Gets or set the results of the list operation
            </summary>
        </member>
        <member name="M:Microsoft.Azure.Management.DataLake.Models.DataLakeAccountProperties.#ctor">
            <summary>
            Initializes a new instance of the DataLakeAccountProperties class.
            </summary>
        </member>
        <member name="P:Microsoft.Azure.Management.DataLake.Models.DataLakeAccountProperties.Configuration">
            <summary>
            Optional. Gets or sets the DataLake account configuration settings.
            </summary>
        </member>
        <member name="P:Microsoft.Azure.Management.DataLake.Models.DataLakeAccountProperties.CreationTime">
            <summary>
            Optional. Gets or sets the account creation time.
            </summary>
        </member>
        <member name="P:Microsoft.Azure.Management.DataLake.Models.DataLakeAccountProperties.Endpoint">
            <summary>
            Optional. Gets or sets the gateway host.
            </summary>
        </member>
        <member name="P:Microsoft.Azure.Management.DataLake.Models.DataLakeAccountProperties.Error">
            <summary>
            Optional. Gets or sets the error. NULL or empty string if no error,
            otherwise it contains the error message.
            </summary>
        </member>
        <member name="P:Microsoft.Azure.Management.DataLake.Models.DataLakeAccountProperties.LastModifiedTime">
            <summary>
            Optional. Gets or sets the account last modified time.
            </summary>
        </member>
        <member name="P:Microsoft.Azure.Management.DataLake.Models.DataLakeAccountProperties.ProvisioningState">
            <summary>
            Optional. Gets or sets the status of the DataLake DataLakeAccount.
            </summary>
        </member>
        <member name="T:Microsoft.Azure.Management.DataLake.Models.DataLakeOperationStatus">
            <summary>
            The operation status.
            </summary>
        </member>
        <member name="F:Microsoft.Azure.Management.DataLake.Models.DataLakeOperationStatus.Succeeded">
            <summary>
            Operation Succeeded.
            </summary>
        </member>
        <member name="F:Microsoft.Azure.Management.DataLake.Models.DataLakeOperationStatus.Failed">
            <summary>
            Operation failed.
            </summary>
        </member>
        <member name="F:Microsoft.Azure.Management.DataLake.Models.DataLakeOperationStatus.Cancelled">
            <summary>
            Operation was canceled.
            </summary>
        </member>
        <member name="F:Microsoft.Azure.Management.DataLake.Models.DataLakeOperationStatus.Running">
            <summary>
            Operation is in progress and running.
            </summary>
        </member>
        <member name="F:Microsoft.Azure.Management.DataLake.Models.DataLakeOperationStatus.Cancelling">
            <summary>
            Operation is in progress and cancelling.
            </summary>
        </member>
        <member name="F:Microsoft.Azure.Management.DataLake.Models.DataLakeOperationStatus.InProgress">
            <summary>
            Operation is in progress. This is a superset of running and
            cancelling and used exclusively by Hyak for long running
            operations. This value should not be used directly
            </summary>
        </member>
        <member name="M:Microsoft.Azure.Management.DataLake.Models.Error.#ctor">
            <summary>
            Initializes a new instance of the Error class.
            </summary>
        </member>
        <member name="M:Microsoft.Azure.Management.DataLake.Models.Error.#ctor(System.String,System.String)">
            <summary>
            Initializes a new instance of the Error class with required
            arguments.
            </summary>
        </member>
        <member name="P:Microsoft.Azure.Management.DataLake.Models.Error.Code">
            <summary>
            Required. Gets or sets the HTTP status code or error code
            associated with this error
            </summary>
        </member>
        <member name="P:Microsoft.Azure.Management.DataLake.Models.Error.Details">
            <summary>
            Optional. Gets or sets the list of error details
            </summary>
        </member>
        <member name="P:Microsoft.Azure.Management.DataLake.Models.Error.InnerError">
            <summary>
            Optional. Gets or sets the inner exceptions or errors, if any
            </summary>
        </member>
        <member name="P:Microsoft.Azure.Management.DataLake.Models.Error.Message">
            <summary>
            Required. Gets or sets the error message to display.
            </summary>
        </member>
        <member name="P:Microsoft.Azure.Management.DataLake.Models.Error.Target">
            <summary>
            Optional. Gets or sets the target of the error.
            </summary>
        </member>
        <member name="M:Microsoft.Azure.Management.DataLake.Models.ErrorDetails.#ctor">
            <summary>
            Initializes a new instance of the ErrorDetails class.
            </summary>
        </member>
        <member name="P:Microsoft.Azure.Management.DataLake.Models.ErrorDetails.Code">
            <summary>
            Optional. Gets or sets the HTTP status code or error code
            associated with this error
            </summary>
        </member>
        <member name="P:Microsoft.Azure.Management.DataLake.Models.ErrorDetails.Message">
            <summary>
            Optional. Gets or sets the error message localized based on
            Accept-Language
            </summary>
        </member>
        <member name="P:Microsoft.Azure.Management.DataLake.Models.ErrorDetails.Target">
            <summary>
            Optional. Gets or sets the target of the particular error (for
            example, the name of the property in error).
            </summary>
        </member>
        <member name="M:Microsoft.Azure.Management.DataLake.Models.InnerError.#ctor">
            <summary>
            Initializes a new instance of the InnerError class.
            </summary>
        </member>
        <member name="P:Microsoft.Azure.Management.DataLake.Models.InnerError.Context">
            <summary>
            Optional. Gets or sets the context for the error message
            </summary>
        </member>
        <member name="P:Microsoft.Azure.Management.DataLake.Models.InnerError.Trace">
            <summary>
            Optional. Gets or sets the stack trace for the error
            </summary>
        </member>
    </members>
</doc>
