<?xml version="1.0"?>
<doc>
    <assembly>
        <name>Microsoft.Azure.Management.DataLakeUploader</name>
    </assembly>
    <members>
        <member name="T:Microsoft.Azure.Management.DataLakeFileSystem.Uploading.DataLakeFrontEndAdapter">
            <summary>
            A front end adapter that communicates with the DataLake Store.
            This is a syncrhonous call adapter, which has certain efficiency limitations.
            In the future, new adapters that are created should consider implementing the methods
            asynchronously.
            </summary>
        </member>
        <member name="T:Microsoft.Azure.Management.DataLakeFileSystem.Uploading.IFrontEndAdapter">
            <summary>
            Defines operations that the DataLakeUploader needs from the FrontEnd in order to operate
            </summary>
        </member>
        <member name="M:Microsoft.Azure.Management.DataLakeFileSystem.Uploading.IFrontEndAdapter.CreateStream(System.String,System.Boolean,System.Byte[],System.Int32)">
            <summary>
            Creates a new, empty stream at the given path.
            </summary>
            <param name="streamPath">The relative path to the stream.</param>
            <param name="overwrite">Whether to overwrite an existing stream.</param>
        </member>
        <member name="M:Microsoft.Azure.Management.DataLakeFileSystem.Uploading.IFrontEndAdapter.DeleteStream(System.String)">
            <summary>
            Deletes an existing stream at the given path.
            </summary>
            <param name="streamPath">The relative path to the stream.</param>
        </member>
        <member name="M:Microsoft.Azure.Management.DataLakeFileSystem.Uploading.IFrontEndAdapter.AppendToStream(System.String,System.Byte[],System.Int64,System.Int32)">
            <summary>
            Appends the given byte array to the end of a given stream.
            </summary>
            <param name="streamPath">The relative path to the stream.</param>
            <param name="data">An array of bytes to be appended to the stream.</param>
            <param name="offset">The offset at which to append to the stream.</param>
            <param name="length">The number of bytes to append (starting at 0).</param>
            <exception cref="T:System.ArgumentNullException">If the data to be appended is null or empty.</exception>
        </member>
        <member name="M:Microsoft.Azure.Management.DataLakeFileSystem.Uploading.IFrontEndAdapter.StreamExists(System.String)">
            <summary>
            Determines if the stream with given path exists.
            </summary>
            <param name="streamPath">The relative path to the stream.</param>
            <returns>True if the stream exists, false otherwise.</returns>
        </member>
        <member name="M:Microsoft.Azure.Management.DataLakeFileSystem.Uploading.IFrontEndAdapter.GetStreamLength(System.String)">
            <summary>
            Gets a value indicating the length of a stream, in bytes.
            </summary>
            <param name="streamPath">The relative path to the stream.</param>
            <returns>The length of the stream, in bytes.</returns>
        </member>
        <member name="M:Microsoft.Azure.Management.DataLakeFileSystem.Uploading.IFrontEndAdapter.Concatenate(System.String,System.String[])">
            <summary>
            Concatenates the given input streams (in order) into the given target stream.
            At the end of this operation, input streams will be deleted.
            </summary>
            <param name="targetStreamPath">The relative path to the target stream.</param>
            <param name="inputStreamPaths">An ordered array of paths to the input streams.</param>
        </member>
        <member name="T:Microsoft.Azure.Management.DataLakeFileSystem.Uploading.DataLakeUploader">
            <summary>
            Represents a general purpose file uploader into DataLake. Supports the efficient upload of large files.
            </summary>
        </member>
        <member name="F:Microsoft.Azure.Management.DataLakeFileSystem.Uploading.DataLakeUploader.MaxAllowedThreads">
            <summary>
            The maximum number of parallel threads to allow. 
            </summary>
        </member>
        <member name="M:Microsoft.Azure.Management.DataLakeFileSystem.Uploading.DataLakeUploader.#ctor(Microsoft.Azure.Management.DataLakeFileSystem.Uploading.UploadParameters,Microsoft.Azure.Management.DataLakeFileSystem.Uploading.IFrontEndAdapter,System.IProgress{Microsoft.Azure.Management.DataLakeFileSystem.Uploading.UploadProgress})">
            <summary>
            Creates a new instance of the DataLakeUploader class, by specifying a pointer to the FrontEnd to use for the upload.
            </summary>
            <param name="uploadParameters">The Upload Parameters to use.</param>
            <param name="frontEnd">A pointer to the FrontEnd interface to use for the upload.</param>
            <param name="progressTracker">(Optional) A tracker that reports progress on the upload.</param>
        </member>
        <member name="M:Microsoft.Azure.Management.DataLakeFileSystem.Uploading.DataLakeUploader.#ctor(Microsoft.Azure.Management.DataLakeFileSystem.Uploading.UploadParameters,Microsoft.Azure.Management.DataLakeFileSystem.Uploading.IFrontEndAdapter,System.Threading.CancellationToken,System.IProgress{Microsoft.Azure.Management.DataLakeFileSystem.Uploading.UploadProgress})">
            <summary>
            Creates a new instance of the DataLakeUploader class, by specifying a pointer to the FrontEnd to use for the upload.
            </summary>
            <param name="uploadParameters">The Upload Parameters to use.</param>
            <param name="frontEnd">A pointer to the FrontEnd interface to use for the upload.</param>
            <param name="progressTracker">(Optional) A tracker that reports progress on the upload.</param>
        </member>
        <member name="M:Microsoft.Azure.Management.DataLakeFileSystem.Uploading.DataLakeUploader.Execute">
            <summary>
            Executes the upload as defined by the input parameters.
            </summary>
        </member>
        <member name="M:Microsoft.Azure.Management.DataLakeFileSystem.Uploading.DataLakeUploader.DeleteMetadataFile">
            <summary>
            Deletes the metadata file from disk.
            </summary>
        </member>
        <member name="M:Microsoft.Azure.Management.DataLakeFileSystem.Uploading.DataLakeUploader.ValidateMetadataForResume(Microsoft.Azure.Management.DataLakeFileSystem.Uploading.UploadMetadata)">
            <summary>
            Validates that the metadata is valid for a resume operation, and also updates the internal Segment States to match what the Server looks like.
            If any changes are made, the metadata will be saved to its canonical location.
            </summary>
            <param name="metadata"></param>
        </member>
        <member name="M:Microsoft.Azure.Management.DataLakeFileSystem.Uploading.DataLakeUploader.ValidateMetadataForFreshUpload(Microsoft.Azure.Management.DataLakeFileSystem.Uploading.UploadMetadata)">
            <summary>
            Verifies that the metadata is valid for a fresh upload.
            </summary>
            <param name="metadata"></param>
        </member>
        <member name="M:Microsoft.Azure.Management.DataLakeFileSystem.Uploading.DataLakeUploader.ValidateMetadataMatchesLocalFile(Microsoft.Azure.Management.DataLakeFileSystem.Uploading.UploadMetadata)">
            <summary>
            Verifies that the metadata is consistent with the local file information.
            </summary>
            <param name="metadata"></param>
        </member>
        <member name="M:Microsoft.Azure.Management.DataLakeFileSystem.Uploading.DataLakeUploader.UploadFile(Microsoft.Azure.Management.DataLakeFileSystem.Uploading.UploadMetadata)">
            <summary>
            Uploads the file using the given metadata.
            
            </summary>
            <param name="metadata"></param>
        </member>
        <member name="M:Microsoft.Azure.Management.DataLakeFileSystem.Uploading.DataLakeUploader.ConcatenateSegments(Microsoft.Azure.Management.DataLakeFileSystem.Uploading.UploadMetadata)">
            <summary>
            Concatenates all the segments defined in the metadata into a single stream.
            </summary>
            <param name="metadata"></param>
        </member>
        <member name="P:Microsoft.Azure.Management.DataLakeFileSystem.Uploading.DataLakeUploader.Parameters">
            <summary>
            Gets the parameters to use for this upload.
            </summary>
        </member>
        <member name="T:Microsoft.Azure.Management.DataLakeFileSystem.Uploading.InvalidMetadataException">
            <summary>
            Represents an exception that is thrown when the local metadata is invalid or inconsistent.
            </summary>
        </member>
        <member name="T:Microsoft.Azure.Management.DataLakeFileSystem.Uploading.MultipleSegmentUploader">
            <summary>
            Uploads a local file in parallel by splitting it into several segments, according to the given metadata.
            </summary>
        </member>
        <member name="M:Microsoft.Azure.Management.DataLakeFileSystem.Uploading.MultipleSegmentUploader.#ctor(Microsoft.Azure.Management.DataLakeFileSystem.Uploading.UploadMetadata,System.Int32,Microsoft.Azure.Management.DataLakeFileSystem.Uploading.IFrontEndAdapter,System.IProgress{Microsoft.Azure.Management.DataLakeFileSystem.Uploading.SegmentUploadProgress})">
            <summary>
            Creates a new MultipleSegmentUploader.
            </summary>
            <param name="uploadMetadata">The metadata that keeps track of the file upload.</param>
            <param name="maxThreadCount">The maximum number of threads to use. Note that in some cases, this number may not be reached.</param>
            <param name="frontEnd">A pointer to the Front End interface to perform the upload to.</param>
            <param name="progressTracker">(Optional)A tracker that reports progress on each segment.</param>
        </member>
        <member name="M:Microsoft.Azure.Management.DataLakeFileSystem.Uploading.MultipleSegmentUploader.#ctor(Microsoft.Azure.Management.DataLakeFileSystem.Uploading.UploadMetadata,System.Int32,Microsoft.Azure.Management.DataLakeFileSystem.Uploading.IFrontEndAdapter,System.Threading.CancellationToken,System.IProgress{Microsoft.Azure.Management.DataLakeFileSystem.Uploading.SegmentUploadProgress})">
            <summary>
            Creates a new MultipleSegmentUploader.
            </summary>
            <param name="uploadMetadata">The metadata that keeps track of the file upload.</param>
            <param name="maxThreadCount">The maximum number of threads to use. Note that in some cases, this number may not be reached.</param>
            <param name="frontEnd">A pointer to the Front End interface to perform the upload to.</param>
            <param name="token">The cancellation token to use.</param>
            <param name="progressTracker">(Optional)A tracker that reports progress on each segment.</param>
        </member>
        <member name="M:Microsoft.Azure.Management.DataLakeFileSystem.Uploading.MultipleSegmentUploader.Upload">
            <summary>
            Executes the upload of the segments in the file that were not already uploaded (i.e., those that are in a 'Pending' state).
            </summary>
            <returns></returns>
        </member>
        <member name="P:Microsoft.Azure.Management.DataLakeFileSystem.Uploading.MultipleSegmentUploader.UseSegmentBlockBackOffRetryStrategy">
            <summary>
            Gets or sets a value indicating whether to use a back-off (exponenential) in case of individual block failures.
            The MultipleSegmentUploader does not use this directly; it passes it on to SingleSegmentUploader.
            </summary>
        </member>
        <member name="T:Microsoft.Azure.Management.DataLakeFileSystem.Uploading.MultipleSegmentUploader.SegmentQueueItem">
            <summary>
            Represents a tuple that pairs a segment number with the number of times it was attempted for upload
            </summary>
        </member>
        <member name="T:Microsoft.Azure.Management.DataLakeFileSystem.Uploading.SegmentUploadProgress">
            <summary>
            Represents a class used for reporting upload progress on a segment.
            </summary>
        </member>
        <member name="M:Microsoft.Azure.Management.DataLakeFileSystem.Uploading.SegmentUploadProgress.#ctor(System.Int32,System.Int64,System.Int64,System.Boolean)">
            <summary>
            Creates a new segment progress report.
            </summary>
            <param name="segmentNumber">The segment number the report refers to.</param>
            <param name="segmentLength">The segment length, in bytes.</param>
            <param name="uploadedByteCount">The number of bytes uploaded so far.</param>
            <param name="isFailed">Whether the upload operation failed.</param>
        </member>
        <member name="P:Microsoft.Azure.Management.DataLakeFileSystem.Uploading.SegmentUploadProgress.SegmentNumber">
            <summary>
            Gets a value indicating the segment number this progress report refers to.
            </summary>
        </member>
        <member name="P:Microsoft.Azure.Management.DataLakeFileSystem.Uploading.SegmentUploadProgress.Length">
            <summary>
            Gets a value indicating the segment length, in bytes.
            </summary>
        </member>
        <member name="P:Microsoft.Azure.Management.DataLakeFileSystem.Uploading.SegmentUploadProgress.IsFailed">
            <summary>
            Gets a value indicating whether the upload failed or not.
            </summary>
        </member>
        <member name="P:Microsoft.Azure.Management.DataLakeFileSystem.Uploading.SegmentUploadProgress.UploadedByteCount">
            <summary>
            Gets a value indicating the number of bytes uploaded so far for this segment.
            </summary>
        </member>
        <member name="T:Microsoft.Azure.Management.DataLakeFileSystem.Uploading.SegmentUploadStatus">
            <summary>
            Defines various states that a segment upload can have
            </summary>
        </member>
        <member name="F:Microsoft.Azure.Management.DataLakeFileSystem.Uploading.SegmentUploadStatus.Pending">
            <summary>
            Indicates that the segment is currently scheduled for upload.
            </summary>
        </member>
        <member name="F:Microsoft.Azure.Management.DataLakeFileSystem.Uploading.SegmentUploadStatus.InProgress">
            <summary>
            Indicates that the segment is currently being uploaded.
            </summary>
        </member>
        <member name="F:Microsoft.Azure.Management.DataLakeFileSystem.Uploading.SegmentUploadStatus.Failed">
            <summary>
            Indicates that the segment was not uploaded successfully.
            </summary>
        </member>
        <member name="F:Microsoft.Azure.Management.DataLakeFileSystem.Uploading.SegmentUploadStatus.Complete">
            <summary>
            Indicates that the segment was successfully uploaded.
            </summary>
        </member>
        <member name="T:Microsoft.Azure.Management.DataLakeFileSystem.Uploading.SingleSegmentUploader">
            <summary>
            Represents an uploader for a single segment of a larger file.
            </summary>
        </member>
        <member name="M:Microsoft.Azure.Management.DataLakeFileSystem.Uploading.SingleSegmentUploader.#ctor(System.Int32,Microsoft.Azure.Management.DataLakeFileSystem.Uploading.UploadMetadata,Microsoft.Azure.Management.DataLakeFileSystem.Uploading.IFrontEndAdapter,System.IProgress{Microsoft.Azure.Management.DataLakeFileSystem.Uploading.SegmentUploadProgress})">
            <summary>
            Creates a new uploader for a single segment.
            </summary>
            <param name="segmentNumber">The sequence number of the segment.</param>
            <param name="uploadMetadata">The metadata for the entire upload.</param>
            <param name="frontEnd">A pointer to the front end.</param>
            <param name="progressTracker">(Optional) A tracker to report progress on this segment.</param>
        </member>
        <member name="M:Microsoft.Azure.Management.DataLakeFileSystem.Uploading.SingleSegmentUploader.#ctor(System.Int32,Microsoft.Azure.Management.DataLakeFileSystem.Uploading.UploadMetadata,Microsoft.Azure.Management.DataLakeFileSystem.Uploading.IFrontEndAdapter,System.Threading.CancellationToken,System.IProgress{Microsoft.Azure.Management.DataLakeFileSystem.Uploading.SegmentUploadProgress})">
            <summary>
            Creates a new uploader for a single segment.
            </summary>
            <param name="segmentNumber">The sequence number of the segment.</param>
            <param name="uploadMetadata">The metadata for the entire upload.</param>
            <param name="frontEnd">A pointer to the front end.</param>
            <param name="token">The cancellation token to use</param>
            <param name="progressTracker">(Optional) A tracker to report progress on this segment.</param>
        </member>
        <member name="M:Microsoft.Azure.Management.DataLakeFileSystem.Uploading.SingleSegmentUploader.Upload">
            <summary>
            Uploads the portion of the InputFilePath to the given TargetStreamPath, starting at the given StartOffset.
            The segment is further divided into equally-sized blocks which are uploaded in sequence.
            Each such block is attempted a certain number of times; if after that it still cannot be uploaded, the entire segment is aborted (in which case no cleanup is performed on the server).
            </summary>
            <returns></returns>
        </member>
        <member name="P:Microsoft.Azure.Management.DataLakeFileSystem.Uploading.SingleSegmentUploader.UseBackOffRetryStrategy">
            <summary>
            Gets or sets a value indicating whether to use a back-off (exponenential) in case of individual block failures.
            If set to 'false' every retry is handled immediately; otherwise an amount of time is waited between retries, as a function of power of 2.
            </summary>
        </member>
        <member name="M:Microsoft.Azure.Management.DataLakeFileSystem.Uploading.StringExtensions.FindNewline(System.Byte[],System.Int32,System.Int32,System.Boolean)">
            <summary>
            Finds the index in the given buffer of a newline character, either the first or the last (based on the parameters).
            If a combined newline (\r\n), the index returned is that of the last character in the sequence.
            </summary>
            <param name="buffer">The buffer to search in.</param>
            <param name="startOffset">The index of the first byte to start searching at.</param>
            <param name="length">The number of bytes to search, starting from the given startOffset.</param>
            <param name="reverse">If true, searches from the startOffset down to the beginning of the buffer. If false, searches upwards.</param>
            <returns>The index of the closest newline character in the sequence (based on direction) that was found. Returns -1 if not found. </returns>
        </member>
        <member name="T:Microsoft.Azure.Management.DataLakeFileSystem.Uploading.UploadFailedException">
            <summary>
            Represents an exception that is thrown when an upload fails.
            </summary>
        </member>
        <member name="T:Microsoft.Azure.Management.DataLakeFileSystem.Uploading.UploadMetadata">
            <summary>
            Represents general metadata pertaining to an upload.
            </summary>
        </member>
        <member name="M:Microsoft.Azure.Management.DataLakeFileSystem.Uploading.UploadMetadata.#ctor">
            <summary>
            Required by XmlSerializer.
            </summary>
        </member>
        <member name="M:Microsoft.Azure.Management.DataLakeFileSystem.Uploading.UploadMetadata.#ctor(System.String,Microsoft.Azure.Management.DataLakeFileSystem.Uploading.UploadParameters)">
            <summary>
            Constructs a new UploadMetadata from the given parameters.
            </summary>
            <param name="metadataFilePath">The file path to assign to this metadata file (for saving purposes).</param>
            <param name="uploadParameters">The parameters to use for constructing this metadata.</param>
        </member>
        <member name="M:Microsoft.Azure.Management.DataLakeFileSystem.Uploading.UploadMetadata.LoadFrom(System.String)">
            <summary>
            Attempts to load an UploadMetadata object from the given file.
            </summary>
            <param name="filePath">The full path to the file where to load the metadata from</param>
            <returns></returns>
        </member>
        <member name="M:Microsoft.Azure.Management.DataLakeFileSystem.Uploading.UploadMetadata.Save">
            <summary>
            Saves the given metadata to its canonical location. This method is thread-safe.
            </summary>
        </member>
        <member name="M:Microsoft.Azure.Management.DataLakeFileSystem.Uploading.UploadMetadata.DeleteFile">
            <summary>
            Deletes the metadata file from disk.
            </summary>
        </member>
        <member name="M:Microsoft.Azure.Management.DataLakeFileSystem.Uploading.UploadMetadata.ValidateConsistency">
            <summary>
            Verifies the given metadata for consistency. Checks include:
            * Completeness
            * Existence and consistency with local file
            * Segment data consistency
            </summary>
        </member>
        <member name="P:Microsoft.Azure.Management.DataLakeFileSystem.Uploading.UploadMetadata.UploadId">
            <summary>
            Gets or sets a value indicating the unique identifier associated with this upload.
            </summary>
        </member>
        <member name="P:Microsoft.Azure.Management.DataLakeFileSystem.Uploading.UploadMetadata.InputFilePath">
            <summary>
            /Gets or sets a value indicating the full path to the file to be uploaded.
            </summary>
        </member>
        <member name="P:Microsoft.Azure.Management.DataLakeFileSystem.Uploading.UploadMetadata.FileLength">
            <summary>
            Gets or sets a value indicating the length (in bytes) of the file to be uploaded.
            </summary>
        </member>
        <member name="P:Microsoft.Azure.Management.DataLakeFileSystem.Uploading.UploadMetadata.TargetStreamPath">
            <summary>
            Gets or sets a value indicating the full stream path where the file will be uploaded to.
            </summary>
        </member>
        <member name="P:Microsoft.Azure.Management.DataLakeFileSystem.Uploading.UploadMetadata.SegmentCount">
            <summary>
            Gets or sets a value indicating the number of segments this file is split into for purposes of uploading it.
            </summary>
        </member>
        <member name="P:Microsoft.Azure.Management.DataLakeFileSystem.Uploading.UploadMetadata.SegmentLength">
            <summary>
            Gets or sets a value indicating the length (in bytes) of each segment of the file (except the last one, which may be less).
            </summary>
        </member>
        <member name="P:Microsoft.Azure.Management.DataLakeFileSystem.Uploading.UploadMetadata.Segments">
            <summary>
            Gets a pointer to an array of segment metadata. The segments are ordered by their segment number (sequence).
            </summary>
        </member>
        <member name="P:Microsoft.Azure.Management.DataLakeFileSystem.Uploading.UploadMetadata.IsBinary">
            <summary>
            Gets a value indicating whether the upload file should be treated as a binary file or not.
            </summary>
        </member>
        <member name="P:Microsoft.Azure.Management.DataLakeFileSystem.Uploading.UploadMetadata.MetadataFilePath">
            <summary>
            Gets a value indicating the path where this metadata file is located.
            </summary>
        </member>
        <member name="M:Microsoft.Azure.Management.DataLakeFileSystem.Uploading.UploadMetadataGenerator.#ctor(Microsoft.Azure.Management.DataLakeFileSystem.Uploading.UploadParameters)">
            <summary>
            Creates a new instance of the UploadMetadataGenerator with the given parameters and the default maximum append length.
            </summary>
            <param name="parameters"></param>
        </member>
        <member name="M:Microsoft.Azure.Management.DataLakeFileSystem.Uploading.UploadMetadataGenerator.#ctor(Microsoft.Azure.Management.DataLakeFileSystem.Uploading.UploadParameters,System.Int32)">
            <summary>
            Creates a new instance of the UploadMetadataGenerator with the given parameters and the given maximum append length.
            </summary>
            <param name="parameters"></param>
            <param name="maxAppendLength"></param>
        </member>
        <member name="M:Microsoft.Azure.Management.DataLakeFileSystem.Uploading.UploadMetadataGenerator.GetExistingMetadata(System.String)">
            <summary>
            Attempts to load the metadata from an existing file in its canonical location.
            </summary>
            <returns></returns>
        </member>
        <member name="M:Microsoft.Azure.Management.DataLakeFileSystem.Uploading.UploadMetadataGenerator.CreateNewMetadata(System.String)">
            <summary>
            Creates a new metadata based on the given input parameters, and saves it to its canonical location.
            </summary>
            <returns></returns>
        </member>
        <member name="M:Microsoft.Azure.Management.DataLakeFileSystem.Uploading.UploadMetadataGenerator.AlignSegmentsToRecordBoundaries(Microsoft.Azure.Management.DataLakeFileSystem.Uploading.UploadMetadata)">
            <summary>
            Aligns segments to match record boundaries (where a record boundary = a new line).
            If not possible (max record size = 4MB), throws an exception.
            </summary>
            <param name="metadata"></param>
        </member>
        <member name="M:Microsoft.Azure.Management.DataLakeFileSystem.Uploading.UploadMetadataGenerator.DetermineLengthAdjustment(Microsoft.Azure.Management.DataLakeFileSystem.Uploading.UploadSegmentMetadata,System.IO.FileStream)">
            <summary>
            Calculates the value by which we'd need to adjust the length of the given segment, by searching for the nearest newline around it (before and after), 
            and returning the distance to it (which can be positive, if after, or negative, if before).
            </summary>
            <param name="segment"></param>
            <param name="stream"></param>
            <returns></returns>
            <exception cref="T:Microsoft.Azure.Management.DataLakeFileSystem.Uploading.UploadFailedException">If no record boundary could be located on either side of the segment end offset within the allowed distance.</exception>
        </member>
        <member name="M:Microsoft.Azure.Management.DataLakeFileSystem.Uploading.UploadMetadataGenerator.FindClosestToCenter(System.Int32,System.Int32,System.Int32)">
            <summary>
            Returns the value (of the given two) that is closest in absolute terms to the center value.
            Values that are negative are ignored (since these are assumed to represent array indices).
            </summary>
            <param name="value1"></param>
            <param name="value2"></param>
            <param name="centerValue"></param>
            <returns></returns>
        </member>
        <member name="M:Microsoft.Azure.Management.DataLakeFileSystem.Uploading.UploadMetadataGenerator.ReadIntoBufferAroundReference(System.IO.Stream,System.Byte[],System.Int64)">
            <summary>
            Reads data from the given file into the given buffer, centered around the given file offset. The first half of the buffer will be 
            filled with data right before the given offset, while the remainder of the buffer will contain data right after it (of course, containing the byte at the given offset).
            </summary>
            <param name="stream"></param>
            <param name="buffer"></param>
            <param name="fileReferenceOffset"></param>
            <returns>The number of bytes reads, which could be less than the length of the input buffer if we can't read due to the beginning or the end of the file.</returns>
        </member>
        <member name="T:Microsoft.Azure.Management.DataLakeFileSystem.Uploading.UploadParameters">
            <summary>
            Represents parameters for the DataLake Uploader.
            </summary>
        </member>
        <member name="M:Microsoft.Azure.Management.DataLakeFileSystem.Uploading.UploadParameters.#ctor(System.String,System.String,System.String,System.Int32,System.Boolean,System.Boolean,System.Boolean,System.String)">
            <summary>
            Creates a new set of parameters for the DataLake Uploader.
            </summary>
            <param name="inputFilePath">The full path to the file to be uploaded.</param>
            <param name="targetStreamPath">The full stream path where the file will be uploaded to.</param>
            <param name="accountName">Name of the account to upload to.</param>
            <param name="threadCount">(Optional) The maximum number of parallel threads to use for the upload.</param>
            <param name="isOverwrite">(Optional) Whether to overwrite the target stream or not.</param>
            <param name="isResume">(Optional) Indicates whether to resume a previously interrupted upload.</param>
            <param name="isBinary">(Optional) Indicates whether to treat the input file as a binary file (true), or whether to align upload blocks to record boundaries (false).</param>
            <param name="localMetadataLocation">(Optional) Indicates the directory path where to store the local upload metadata file while the upload is in progress. This location must be writeable from this application. Default location: SpecialFolder.LocalApplicationData.</param>
        </member>
        <member name="M:Microsoft.Azure.Management.DataLakeFileSystem.Uploading.UploadParameters.#ctor(System.String,System.String,System.String,System.Boolean,System.Int32,System.Boolean,System.Boolean,System.Boolean,System.String)">
            <summary>
            Creates a new set of parameters for the DataLake Uploader.
            </summary>
            <param name="inputFilePath">The full path to the file to be uploaded.</param>
            <param name="targetStreamPath">The full stream path where the file will be uploaded to.</param>
            <param name="accountName">Name of the account to upload to.</param>
            <param name="useSegmentBlockBackOffRetryStrategy">if set to <c>true</c> [use segment block back off retry strategy].</param>
            <param name="threadCount">(Optional) The maximum number of parallel threads to use for the upload.</param>
            <param name="isOverwrite">(Optional) Whether to overwrite the target stream or not.</param>
            <param name="isResume">(Optional) Indicates whether to resume a previously interrupted upload.</param>
            <param name="isBinary">(Optional) Indicates whether to treat the input file as a binary file (true), or whether to align upload blocks to record boundaries (false).</param>
            <param name="localMetadataLocation">(Optional) Indicates the directory path where to store the local upload metadata file while the upload is in progress. This location must be writeable from this application. Default location: SpecialFolder.LocalApplicationData.</param>
        </member>
        <member name="P:Microsoft.Azure.Management.DataLakeFileSystem.Uploading.UploadParameters.UseSegmentBlockBackOffRetryStrategy">
            <summary>
            Gets a value indicating whether [to use segment block back off retry strategy].
            </summary>
            <value>
            <c>true</c> if [to use segment block back off retry strategy]; otherwise, <c>false</c>.
            </value>
        </member>
        <member name="P:Microsoft.Azure.Management.DataLakeFileSystem.Uploading.UploadParameters.InputFilePath">
            <summary>
            Gets a value indicating the full path to the file to be uploaded.
            </summary>
        </member>
        <member name="P:Microsoft.Azure.Management.DataLakeFileSystem.Uploading.UploadParameters.TargetStreamPath">
            <summary>
            Gets a value indicating the full stream path where the file will be uploaded to.
            </summary>
        </member>
        <member name="P:Microsoft.Azure.Management.DataLakeFileSystem.Uploading.UploadParameters.AccountName">
            <summary>
            Gets a value indicating the name of the account to upload to.
            </summary>
        </member>
        <member name="P:Microsoft.Azure.Management.DataLakeFileSystem.Uploading.UploadParameters.ThreadCount">
            <summary>
            Gets a value indicating the maximum number of parallel threads to use for the upload.
            </summary>
        </member>
        <member name="P:Microsoft.Azure.Management.DataLakeFileSystem.Uploading.UploadParameters.IsOverwrite">
            <summary>
            Gets a value indicating whether to overwrite the target stream if it already exists.
            </summary>
        </member>
        <member name="P:Microsoft.Azure.Management.DataLakeFileSystem.Uploading.UploadParameters.IsResume">
            <summary>
            Gets a value indicating whether to resume a previously interrupted upload.
            </summary>
        </member>
        <member name="P:Microsoft.Azure.Management.DataLakeFileSystem.Uploading.UploadParameters.IsBinary">
            <summary>
            Gets a value indicating whether the input file should be treated as a binary (true) or a delimited input (false).
            </summary>
        </member>
        <member name="P:Microsoft.Azure.Management.DataLakeFileSystem.Uploading.UploadParameters.LocalMetadataLocation">
            <summary>
            Gets a value indicating the directory path where to store the metadata for the upload.
            </summary>
        </member>
        <member name="T:Microsoft.Azure.Management.DataLakeFileSystem.Uploading.UploadProgress">
            <summary>
            Reports progress on an upload.
            </summary>
        </member>
        <member name="M:Microsoft.Azure.Management.DataLakeFileSystem.Uploading.UploadProgress.GetSegmentProgress(System.Int32)">
            <summary>
            Gets the upload progress for a particular segment.
            </summary>
            <param name="segmentNumber">The sequence number of the segment to retrieve information for</param>
            <returns></returns>
        </member>
        <member name="M:Microsoft.Azure.Management.DataLakeFileSystem.Uploading.UploadProgress.SetSegmentProgress(Microsoft.Azure.Management.DataLakeFileSystem.Uploading.SegmentUploadProgress)">
            <summary>
            Updates the progress for the given segment
            </summary>
            <param name="segmentProgress"></param>
        </member>
        <member name="P:Microsoft.Azure.Management.DataLakeFileSystem.Uploading.UploadProgress.TotalFileLength">
            <summary>
            Gets a value indicating the total length of the file to upload.
            </summary>
        </member>
        <member name="P:Microsoft.Azure.Management.DataLakeFileSystem.Uploading.UploadProgress.TotalSegmentCount">
            <summary>
            Gets a value indicating the total number of segments to upload.
            </summary>
        </member>
        <member name="P:Microsoft.Azure.Management.DataLakeFileSystem.Uploading.UploadProgress.UploadedByteCount">
            <summary>
            Gets a value indicating the number of bytes that have been uploaded so far.
            </summary>
        </member>
        <member name="T:Microsoft.Azure.Management.DataLakeFileSystem.Uploading.UploadSegmentMetadata">
            <summary>
            Represents metadata for a particular file segment.
            </summary>
        </member>
        <member name="F:Microsoft.Azure.Management.DataLakeFileSystem.Uploading.UploadSegmentMetadata.BaseMultiplier">
            <summary>
            </summary>
        </member>
        <member name="F:Microsoft.Azure.Management.DataLakeFileSystem.Uploading.UploadSegmentMetadata.SegmentCountReducer">
            <summary>
            The Reducer is the number of times the length of the file should increase in order to inflate the number of segments by a factor of 'Multiplier'.
            See class description for more details.
            </summary>
        </member>
        <member name="F:Microsoft.Azure.Management.DataLakeFileSystem.Uploading.UploadSegmentMetadata.SegmentCountMultiplier">
            <summary>
            The Multiplier is the number of times the segment count is inflated when the length of the file increases by a factor of 'Reducer'.
            See class description for more details.
            </summary>
        </member>
        <member name="F:Microsoft.Azure.Management.DataLakeFileSystem.Uploading.UploadSegmentMetadata.MinimumSegmentSize">
            <summary>
            The minimum number of bytes in a segment. For best performance, should be sync-ed with the upload buffer length.
            </summary>
        </member>
        <member name="M:Microsoft.Azure.Management.DataLakeFileSystem.Uploading.UploadSegmentMetadata.#ctor">
            <summary>
            Required by XmlSerializer
            </summary>
        </member>
        <member name="M:Microsoft.Azure.Management.DataLakeFileSystem.Uploading.UploadSegmentMetadata.#ctor(System.Int32,Microsoft.Azure.Management.DataLakeFileSystem.Uploading.UploadMetadata)">
            <summary>
            Creates a new UploadSegmentMetadata with the given segment number.
            </summary>
            <param name="segmentNumber"></param>
            <param name="metadata"></param>
        </member>
        <member name="M:Microsoft.Azure.Management.DataLakeFileSystem.Uploading.UploadSegmentMetadata.CalculateSegmentLength(System.Int64,System.Int32)">
            <summary>
            Calculates the length of a typical (non-terminal) segment for a file of the given length that is split into the given number of segments.
            </summary>
            <param name="fileLength">The length of the file, in bytes.</param>
            <param name="segmentCount">The number of segments to split the file into.</param>
            <returns></returns>
        </member>
        <member name="M:Microsoft.Azure.Management.DataLakeFileSystem.Uploading.UploadSegmentMetadata.CalculateSegmentLength(System.Int32,Microsoft.Azure.Management.DataLakeFileSystem.Uploading.UploadMetadata)">
            <summary>
            Calculates the length of the segment with given number for a file with given length that is split into the given number of segments.
            </summary>
            <param name="segmentNumber">The segment number.</param>
            <param name="metadata">The metadata for the current upload.</param>
            <returns></returns>
        </member>
        <member name="M:Microsoft.Azure.Management.DataLakeFileSystem.Uploading.UploadSegmentMetadata.CalculateSegmentCount(System.Int64)">
             <summary>
             Calculates the number of segments a file of the given length should be split into.
             The method to calculate this is based on some empirical measurements that allows both the number of segments and the length of each segment to grow as the input file size grows.
             They both grow on a logarithmic pattern as the file length increases.
            
             The formula is roughly this:
             * Multiplier = Min(100, 50 * 2 ^ Log10(FileLengthInGB))
             * SegmentCount = Max(1, Multiplier * 2 ^ Log10(FileLengthInGB)
             
             Essentially we quadruple the number of segments for each tenfold increase in the file length, with certain caps. The formula is designed to support both small files and 
             extremely large files (and not cause very small segment lengths or very large number of segments).
             </summary>
             <param name="fileLength">The length of the file, in bytes.</param>
             <returns>The number of segments to split the file into. Returns 0 if fileLength is 0.</returns>
        </member>
        <member name="P:Microsoft.Azure.Management.DataLakeFileSystem.Uploading.UploadSegmentMetadata.SegmentNumber">
            <summary>
            Gets or sets a value indicating the number (sequence) of the segment in the file.
            </summary>
        </member>
        <member name="P:Microsoft.Azure.Management.DataLakeFileSystem.Uploading.UploadSegmentMetadata.Offset">
            <summary>
            Gets or sets a value indicating the starting offset of the segment in the file.
            </summary>
        </member>
        <member name="P:Microsoft.Azure.Management.DataLakeFileSystem.Uploading.UploadSegmentMetadata.Length">
            <summary>
            Gets or sets a value indicating the size of the segment (in bytes).
            </summary>
        </member>
        <member name="P:Microsoft.Azure.Management.DataLakeFileSystem.Uploading.UploadSegmentMetadata.Status">
            <summary>
            Gets or sets a value indicating the current upload status for this segment.
            </summary>
        </member>
        <member name="P:Microsoft.Azure.Management.DataLakeFileSystem.Uploading.UploadSegmentMetadata.Path">
            <summary>
            Gets or sets a value indicating the stream path assigned to this segment.
            </summary>
        </member>
    </members>
</doc>
